{
  "avg_generation_time": 31.1546424,
  "std_generation_time": 3.4454346362822266,
  "min_generation_time": 20.850078,
  "max_generation_time": 33.097524,
  "avg_response_length": 960.5,
  "std_response_length": 584.1406080730906,
  "min_response_length": 540.0,
  "max_response_length": 2695.0,
  "has_reasoning_format": 2,
  "has_answer_format": 2,
  "empty_responses": 0,
  "avg_bleu": 0.06339206691346307,
  "std_bleu": 0.05199462130590109,
  "min_bleu": 0.0,
  "max_bleu": 0.16168750198795986,
  "avg_rouge1": 0.44751398507658235,
  "std_rouge1": 0.2636676363717717,
  "min_rouge1": 0.09799554565701558,
  "max_rouge1": 0.8461538461538461,
  "avg_rouge2": 0.24944249915880645,
  "std_rouge2": 0.25266847597774766,
  "min_rouge2": 0.0044742729306487695,
  "max_rouge2": 0.7200000000000001,
  "avg_rougeL": 0.4161817771002381,
  "std_rougeL": 0.25687842993392296,
  "min_rougeL": 0.0909090909090909,
  "max_rougeL": 0.8461538461538461,
  "jaccard_similarity": [],
  "overlap_ratio": [],
  "reasoning_format_rate": 0.2,
  "answer_format_rate": 0.2,
  "empty_response_rate": 0.0,
  "total_samples": 10
}